"Acampora, Lindsey" <l.acampora@snhu.edu>; "Agbede, Shinaola" <shinaola.agbede@snhu.edu>; "Aguirre, Enrique" <enrique.aguirre@snhu.edu>; "Ahmad, Juwairiah" <juwairiah.ahmad@snhu.edu>; "Alexander, Davion" <davion.alexander@snhu.edu>; "Alfaro-Amaya, Alexander" <alexander.alfaro-amaya@snhu.edu>; "Allen, Andrew" <andrew.allen11@snhu.edu>; "Ayala, Heriberto" <heriberto.ayala@snhu.edu>; "Barragan, Zuleyka" <zuleyka.barragan@snhu.edu>; "Bednar, Rebecca" <rebecca.bednar@snhu.edu>; "Ben-cherqui, Khalid" <khalid.ben-cherqui@snhu.edu>; "Berkley, Samuel" <samuel.berkley@snhu.edu>; "Berkley, Stephen" <stephen.berkley@snhu.edu>; "Bernal, Elias" <elias.bernal@snhu.edu>; "Bickford, Jayke" <jayke.bickford@snhu.edu>; "Blakeley, Shari" <shari.blakeley@snhu.edu>; "Blankenship, Romeo" <romeo.blankenship@snhu.edu>; "Bolling, Evan" <evan.bolling@snhu.edu>; "Boyer, Jacquline" <jacquline.boyer@snhu.edu>; "Bray, Kaitlyn" <kaitlyn.bray@snhu.edu>; "Bregonzio, Paul" <paul.bregonzio@snhu.edu>; "Brower, Jason" <jason.brower1@snhu.edu>; "Brown, kylee" <kylee.brown1@snhu.edu>; "Burns, Timothy" <timothy.burns3@snhu.edu>; "canales, janine" <janine.canales@snhu.edu>; "Caputi, Diego" <diego.caputi@snhu.edu>; "Claerhout, Alyssa" <a.claerhout@snhu.edu>; "Clemons, Georiana" <georiana.clemons@snhu.edu>; "Cote, Logan" <logan.cote1@snhu.edu>; "Cowley, Katlyn" <katlyn.cowley@snhu.edu>; "Crowley, Daniel" <daniel.crowley2@snhu.edu>; "Daigle, Jennifer" <j.daigle@snhu.edu>; "Darland, Kris" <kris.darland@snhu.edu>; "Davidson, Timothy" <timothy.davidson3@snhu.edu>; "Davis-Travers, Althea" <althea.davis-travers@snhu.edu>; "De Lima, Jose" <jose.delima@snhu.edu>; "DeMarco, Alexander" <alexander.demarco@snhu.edu>; "Diaz, Brayan" <brayan.diaz@snhu.edu>; "Dobreira, Jonathan" <jonathan.dobreira@snhu.edu>; "Donica, Thomas" <thomas.donica@snhu.edu>; "Donoso, Claudia" <claudia.donoso@snhu.edu>; "Engstrand, Theresa" <theresa.engstrand@snhu.edu>; "Erbes, Anthony" <anthony.erbes@snhu.edu>; "Faulkner, David" <david.faulkner@snhu.edu>; "Fedro, Ervin" <ervin.fedro@snhu.edu>; "Fields, Jason" <jason.fields3@snhu.edu>; "Fitzpatrick, Sean" <sean.fitzpatrick4@snhu.edu>; "floyd, darnell" <darnell.floyd@snhu.edu>; "Fraze, Kenneth" <kenneth.fraze@snhu.edu>; "Gamble, Jocelyn" <jocelyn.gamble@snhu.edu>; "Gayas, Rex" <rex.gayas@snhu.edu>; "Gentry, Dalton" <dalton.gentry@snhu.edu>; "Ghrist, Timothy" <timothy.ghrist@snhu.edu>; "Goding, Raina" <raina.goding@snhu.edu>; "Gregerson, Sarah" <sarah.gregerson@snhu.edu>; "Groundwater, Darcie" <darcie.groundwater@snhu.edu>; "Hammad, Lyth" <lyth.hammad@snhu.edu>; "Hanryan, Christopher" <christopher.hanryan@snhu.edu>; "Hardy, Nicholas" <nicholas.hardy1@snhu.edu>; "Harris, Chris" <chris.harris1@snhu.edu>; "Harris, Jeffrey" <jeffrey.harris2@snhu.edu>; "Heiling, Danielle" <danielle.heiling@snhu.edu>; "Henry, Megan" <megan.henry4@snhu.edu>; "Hernandez, Domingo" <domingo.hernandez@snhu.edu>; "Herrera, Destinee" <destinee.herrera@snhu.edu>; "Hockaday, Christopher" <christopher.hockaday@snhu.edu>; "Hunt, Tanner" <tanner.hunt@snhu.edu>; "Hunter, Amanda" <amanda.hunter2@snhu.edu>; "Hutton, Shinaya" <shinaya.hutton@snhu.edu>; "johnson, manley" <manley.johnson@snhu.edu>; "Johnson, Stephen" <stephen.johnson15@snhu.edu>; "Kelly, Sean" <sean.kelly12@snhu.edu>; "Kinch, Erica" <erica.kinch@snhu.edu>; "Kovacic, Abby" <abby.kovacic@snhu.edu>; "Krupia, Brandon" <brandon.krupia@snhu.edu>; "LaPlante-Tripp, Lauren" <lauren.laplante-tripp@snhu.edu>; "Lenton, Daniel" <daniel.lenton@snhu.edu>; "Long, David" <david.long9@snhu.edu>; "Lopez, Kathy" <kathy.lopez2@snhu.edu>; "Maharjan, Kashyab" <kashyab.maharjan@snhu.edu>; "Maloy, Tristan" <tristan.maloy@snhu.edu>; "Marquez, Dominick" <dominick.marquez@snhu.edu>; "Marsh, Taryn" <taryn.marsh1@snhu.edu>; "McDonald, John" <john.mcdonald6@snhu.edu>; "McLean, Michael" <michael.mclean3@snhu.edu>; "McRae, Keionta" <keionta.mcrae@snhu.edu>; "Mikesell, Anya" <anya.mikesell@snhu.edu>; "Miranda, Andre" <andre.miranda@snhu.edu>; "Morgan, Aniah" <aniah.morgan@snhu.edu>; "Morris, Taniesha" <taniesha.morris@snhu.edu>; "Murchison, Duncan" <duncan.murchison@snhu.edu>; "neal, Jonathen" <jonathen.neal@snhu.edu>; "Northam, Kailey" <kailey.northam@snhu.edu>; "O'Gara, Colin" <colin.ogara@snhu.edu>; "O'Hara, Mark" <mark.ohara@snhu.edu>; "Olney, JoAnn" <joann.olney@snhu.edu>; "Ortega, Mary" <mary.ortega1@snhu.edu>; "Pandya, Krishna" <krishna.pandya@snhu.edu>; "Peasley, Camille" <camille.peasley@snhu.edu>; "Pena, Katherine" <katherine.pena1@snhu.edu>; "Penrod, Joshua" <joshua.penrod@snhu.edu>; "Phipps, James" <james.phipps@snhu.edu>; "Pierce, Tracy" <tracy.pierce2@snhu.edu>; "Pom, Narena" <narena.pom@snhu.edu>; "Recor, Spencer" <spencer.recor@snhu.edu>; "Restrepo Ayala, Jose" <jose.restrepoayala@snhu.edu>; "Robinson, Tamia" <tamia.robinson@snhu.edu>; "Rodriguez, Codie" <codie.rodriguez@snhu.edu>; "Rosario-Mendez, Patricia" <patricia.rosario-mendez@snhu.edu>; "Ross, Jennifer" <jennifer.ross6@snhu.edu>; "Salazar, Diana" <diana.salazar1@snhu.edu>; "San, Chantria" <chantria.san@snhu.edu>; "Sanchez, Hiram" <hiram.sanchez@snhu.edu>; "Schmidt, John" <john.schmidt4@snhu.edu>; "Schutte, Samantha" <samantha.schutte@snhu.edu>; "Seabolt, Dylan" <dylan.seabolt@snhu.edu>; "Selfinger, Dennis" <dennis.selfinger@snhu.edu>; "Shackleton, Zachary" <zachary.shackleton@snhu.edu>; "Silcott, Daniel" <daniel.silcott@snhu.edu>; "Sill, Tiffany" <tiffany.sill@snhu.edu>; "Smith, Heather" <heather.smith55@snhu.edu>; "Solis, Nicolas" <nicolas.solis@snhu.edu>; "Speziale, Ashley" <ashley.speziale@snhu.edu>; "Stacker, Tanzelica" <tanzelica.stacker@snhu.edu>; "Swindell, Johnathan" <johnathan.swindell@snhu.edu>; "Thomas, Jade" <jade.thomas1@snhu.edu>; "Thomas, Maurice" <maurice.thomas2@snhu.edu>; "Torres, Joshua" <joshua.torres4@snhu.edu>; "Vanderpan, Tyler" <tyler.vanderpan@snhu.edu>; "Verret, Michael" <michael.verret@snhu.edu>; "Vibbard, Nema" <nema.vibbard@snhu.edu>; "Waddell, Tyrone" <tyrone.waddell@snhu.edu>; "Ward, Livia" <livia.ward@snhu.edu>; "Warner, Mark" <mark.warner@snhu.edu>; "Wassell, Nicole" <nicole.wassell@snhu.edu>; "Waugh, Danielle" <danielle.waugh@snhu.edu>; "Wehner, Colin" <colin.wehner@snhu.edu>; "Williams, Sebastian" <sebastian.williams3@snhu.edu>; "Willis, Tyeika" <tyeika.willis@snhu.edu>; "Wilson, Chanary" <chanary.wilson@snhu.edu>; "Wilt, Zachery" <zachery.wilt@snhu.edu>; "Wood, Jessica" <jessica.wood17@snhu.edu>; "Woodis, Katelyn" <katelyn.woodis@snhu.edu>; "Woodward, Braydon" <braydon.woodward@snhu.edu>; "Yahl, Matthew" <matthew.yahl@snhu.edu>